[
  {
    "title": "10 Preguntas Comunes en una Entrevista y Cómo Responderlas",
    "slug": "preguntas-comunes-entrevista",
    "summary": "Aprende a responder las preguntas más frecuentes en entrevistas laborales con ejemplos prácticos.",
    "date": "2025-05-14",
    "content": "## 1. Cuéntame sobre ti\nEs tu oportunidad para destacar tu experiencia y fortalezas.\n\n## 2. ¿Por qué quieres trabajar aquí?\nDemuestra conocimiento sobre la empresa y alinea tus valores con su misión.\n\n## 3. ¿Cuáles son tus fortalezas?\nElige 2 o 3 y dales un contexto.\n\n## 4. ¿Cuál es tu mayor debilidad?\nSé honesto, pero muéstrate en proceso de mejora.\n\n## 5. ¿Dónde te ves en 5 años?\nMuestra ambición realista y compromiso.\n\n...\n\n### Conclusión\nPrepararte para estas preguntas aumentará tu confianza y tus probabilidades de éxito."
  }
]